"ID","Title","Phase","Type","Priority","Status","Owner","DependsOn","Acceptance","SourceRef","GitHubIssue","PR","LastUpdated"
"SEC-001","Align authentication with Zoho SSO and multi-identifier login policy","Public beta safety","Security","P0","Done","Codex","","Administrators use Zoho SSO; existing users may use Zoho SSO or username/email/mobile plus password; OTP is verification/recovery only; unsafe public provider combinations fail startup","Production plan Task 1A and user authentication decision","https://github.com/RohithTadiparti/world-of-weddingz-production/issues/6","https://github.com/RohithTadiparti/world-of-weddingz-production/pull/58","2026-10-05"
"SEC-002","Authorize and constrain WebSocket traffic","Public beta safety","Security","P0","Done","Codex","SEC-001","Origins and tokens are verified; calls and presence are relationship-scoped","Production plan Task 1B","https://github.com/RohithTadiparti/world-of-weddingz-production/issues/7","https://github.com/RohithTadiparti/world-of-weddingz-production/pull/62","2026-10-05"
"OPS-001","Serialize replicated outbox and scheduled jobs","Public beta safety","Reliability","P0","Done","Codex","","Two workers cannot execute the same notification/payment job","Production plan Task 1C","https://github.com/RohithTadiparti/world-of-weddingz-production/issues/8","https://github.com/RohithTadiparti/world-of-weddingz-production/pull/64","2026-10-05"
"SEC-003","Harden HTTP startup and migration integrity","Public beta safety","Security","P0","Done","Codex","","Security headers and private Swagger are enforced; migration sequence is unique and upgrade-safe","Production plan Task 1D","https://github.com/RohithTadiparti/world-of-weddingz-production/issues/9","https://github.com/RohithTadiparti/world-of-weddingz-production/pull/63","2026-10-05"
"DEP-001","Remediate production dependency vulnerabilities","Public beta safety","Security","P0","Done","Codex","","No unaccepted critical/high runtime advisory; CI blocks regressions; explicitly documented no-fix build-tool exceptions remain narrow and reviewable","Production plan Task 1E","https://github.com/RohithTadiparti/world-of-weddingz-production/issues/10","https://github.com/RohithTadiparti/world-of-weddingz-production/pull/59","2026-10-05"
"OBS-001","Implement backend structured observability","Observability","Platform","P0","Done","Codex","SEC-003","Correlated redacted API and worker logs pass tests","backend-observability-foundation plan","https://github.com/RohithTadiparti/world-of-weddingz-production/issues/11","https://github.com/RohithTadiparti/world-of-weddingz-production/pull/69","2026-10-05"
"OBS-002","Implement client error intake","Observability","Platform","P1","Open","Unassigned","OBS-001","Sanitized browser/mobile failures correlate with backend requests","client-error-observability plan","https://github.com/RohithTadiparti/world-of-weddingz-production/issues/12","","2026-10-04"
"OBS-003","Deploy local Loki Grafana and 30-day log archive","Observability","Platform","P0","Done","Codex","OBS-001","Local JSONL and Loki retain searchable logs for 30 days","local-log-platform plan","https://github.com/RohithTadiparti/world-of-weddingz-production/issues/13","https://github.com/RohithTadiparti/world-of-weddingz-production/pull/71","2026-10-06"
"CFG-001","Create canonical non-secret platform configuration","Railway foundation","Configuration","P0","Done","Codex","SEC-001","One typed YAML file owns defaults; secrets remain outside Git; unknown keys fail","Production plan Task 3","https://github.com/RohithTadiparti/world-of-weddingz-production/issues/14","https://github.com/RohithTadiparti/world-of-weddingz-production/pull/72","2026-10-06"
"RLY-001","Define four-service Railway Hobby deployment","Railway foundation","Infrastructure","P0","Open","Unassigned","CFG-001","Frontend API PostgreSQL and Redis pass cross-origin auth and WebSocket smoke tests","Production plan Task 4","https://github.com/RohithTadiparti/world-of-weddingz-production/issues/15","","2026-10-04"
"S3-001","Provision private S3 media bootstrap","Railway foundation","Infrastructure","P0","Open","Unassigned","CFG-001","Real uploads use private encrypted versioned S3 and survive redeploys","Production plan Task 5","https://github.com/RohithTadiparti/world-of-weddingz-production/issues/16","","2026-10-04"
"OPS-002","Collect capacity and cost snapshots","Operations","Backend","P1","Open","Unassigned","CFG-001,OBS-001","Exact account DAU request latency error resource database and cost measurements persist","Production plan Task 6","https://github.com/RohithTadiparti/world-of-weddingz-production/issues/17","","2026-10-04"
"OPS-003","Deliver deduplicated operational alerts","Operations","Backend","P1","Open","Unassigned","OPS-002","Warnings and critical alerts reach portal email audit and logs without flooding","Production plan Task 7","https://github.com/RohithTadiparti/world-of-weddingz-production/issues/18","","2026-10-04"
"UI-001","Build administrator Infrastructure dashboard","Operations","Frontend","P1","Open","Unassigned","OPS-003","Admin sees exact values thresholds evidence alert status and migration readiness","Production plan Task 8","https://github.com/RohithTadiparti/world-of-weddingz-production/issues/19","","2026-10-04"
"AUTH-001","Add scoped administrator fresh-authentication step-up","Migration control","Security","P0","Open","Unassigned","SEC-001,CFG-001","Fresh Zoho reauthentication issues a five-minute single-use action-scoped token for migration start; application TOTP is a documented fallback only","Production plan Task 9 and user authentication decision","https://github.com/RohithTadiparti/world-of-weddingz-production/issues/20","","2026-10-05"
"MIG-001","Implement migration state machine and mock executor","Migration control","Backend","P0","Open","Unassigned","AUTH-001,OPS-002","Mock runs every state/failure without external side effects; only one run is active","Production plan Task 10","https://github.com/RohithTadiparti/world-of-weddingz-production/issues/21","","2026-10-04"
"MIG-002","Build admin migration timeline and confirmation","Migration control","Frontend","P1","Open","Unassigned","MIG-001","One protected action displays cost backup read-only window rollback boundary and live state","Production plan Task 11","https://github.com/RohithTadiparti/world-of-weddingz-production/issues/22","","2026-10-04"
"AWS-001","Complete AWS Option B Terraform","AWS readiness","Infrastructure","P0","Open","Unassigned","CFG-001,S3-001","Disposable three-AZ EKS Aurora Redis edge security and monitoring environment passes policy tests","Production plan Task 12","https://github.com/RohithTadiparti/world-of-weddingz-production/issues/23","","2026-10-04"
"MIG-003","Implement GitHub OIDC migration dispatcher","AWS readiness","Infrastructure","P0","Open","Unassigned","MIG-001,AWS-001","Signed replay-protected callbacks drive the real executor without static AWS keys","Production plan Task 13","https://github.com/RohithTadiparti/world-of-weddingz-production/issues/24","","2026-10-04"
"MIG-004","Implement verified PostgreSQL synchronization and cutover","AWS readiness","Data","P0","Open","Unassigned","MIG-003","Counts sequences and critical checksums match; 15-minute failure restores Railway","Production plan Task 14","https://github.com/RohithTadiparti/world-of-weddingz-production/issues/25","","2026-10-04"
"QA-001","Measure Railway capacity with representative load","Certification","Quality","P0","Open","Unassigned","RLY-001","Published operating thresholds retain at least 30 percent headroom","Production plan Task 15","https://github.com/RohithTadiparti/world-of-weddingz-production/issues/26","","2026-10-04"
"QA-002","Rehearse successful AWS migration","Certification","Quality","P0","Open","Unassigned","MIG-004,QA-001","Sanitized production-sized dataset migrates and all critical journeys pass","Production plan Task 16","https://github.com/RohithTadiparti/world-of-weddingz-production/issues/27","","2026-10-04"
"QA-003","Rehearse automatic rollback","Certification","Quality","P0","Open","Unassigned","MIG-004","Failures before and after DNS but before AWS writes restore Railway without split brain","Production plan Task 16","https://github.com/RohithTadiparti/world-of-weddingz-production/issues/28","","2026-10-04"
"REL-001","Launch Railway public beta","Release","Release","P0","Open","Unassigned","SEC-001,SEC-002,OPS-001,SEC-003,DEP-001,OBS-003,CFG-001,RLY-001,S3-001,QA-001","All public-beta gates and live all-role tests pass before domain attachment","Production plan Task 17","https://github.com/RohithTadiparti/world-of-weddingz-production/issues/29","","2026-10-04"
"REL-002","Enable real AWS migration action","Release","Release","P1","Open","Unassigned","QA-002,QA-003","Real executor remains disabled until rehearsal budget backup MFA and infrastructure gates are green","Production plan final gate","https://github.com/RohithTadiparti/world-of-weddingz-production/issues/30","","2026-10-04"
"SYNC-001","Review current uncommitted planner-client source change","Source intake","Change intake","P1","Open","Unassigned","","Classify and either integrate through a traced PR or reject with reason","Current WOW working tree mobile/src/app/planner-clients.tsx","https://github.com/RohithTadiparti/world-of-weddingz-production/issues/31","","2026-10-04"
"SYNC-002","Continuously review committed WOW-MD functional changes","Source intake","Change intake","P1","Blocked","Product owner","GOV-002","Every new source commit is classified and accepted changes have production PRs","Source integration policy","https://github.com/RohithTadiparti/world-of-weddingz-production/issues/32","https://github.com/RohithTadiparti/world-of-weddingz-production/pull/55","2026-10-04"
"QA-004","Replace stale public and registration Playwright locators","Public beta safety","Quality","P1","Done","Codex","","Live registration supplies every required field; visual audit ignores captionless accessible wrappers; matching exposes its accessible journey region; protected and live suites pass","QA findings F-002 F-003; WOW-MD PR 59","https://github.com/RohithTadiparti/world-of-weddingz-production/issues/33","https://github.com/RohithTadiparti/world-of-weddingz-production/pull/99","2026-10-08"
"REL-003","Embed deployment revision and provenance","Public beta safety","Release","P0","Open","Unassigned","CFG-001","Health and deployed UI identify the exact commit/image/config digest","QA finding F-001","https://github.com/RohithTadiparti/world-of-weddingz-production/issues/34","","2026-10-04"
"INT-001","Define live integration onboarding gates","Post-beta","Integration","P2","Open","Unassigned","CFG-001","Each provider has sandbox production secrets webhooks budget owner and contract tests","QA limit L-002","https://github.com/RohithTadiparti/world-of-weddingz-production/issues/35","","2026-10-04"
"GOV-001","Enable private-repository protection and security settings","Governance","Governance","P0","Done","Codex","","Main requires PR and checks; security scanners and private reporting are enabled","User request","https://github.com/RohithTadiparti/world-of-weddingz-production/issues/36","https://github.com/RohithTadiparti/world-of-weddingz-production/pull/54","2026-10-05"
"GOV-002","Establish SDLC knowledge and tracking system","Governance","Governance","P0","Done","Codex","","Markdown CSV Excel issues PR protocol and Obsidian index are linked and verified","User request","https://github.com/RohithTadiparti/world-of-weddingz-production/issues/37","https://github.com/RohithTadiparti/world-of-weddingz-production/pull/49","2026-10-05"
"GOV-003","Reconcile authentication and dependency tracking","Governance","Governance","P0","Done","Codex","SEC-001,DEP-001","Canonical registers workbook and operating guidance match the implemented authentication policy and dependency evidence","User request","https://github.com/RohithTadiparti/world-of-weddingz-production/issues/60","https://github.com/RohithTadiparti/world-of-weddingz-production/pull/61","2026-10-05"
"SYNC-003","Integrate committed immersive consumer UI","Source intake","UI/UX synchronization","P0","Done","Codex","SYNC-002","Committed public login registration and consumer portal UI is present in WOW-MD and production without overwriting production hardening","WOW-MD PR 50 and production issue 76","https://github.com/RohithTadiparti/world-of-weddingz-production/issues/76","https://github.com/RohithTadiparti/world-of-weddingz-production/pull/77","2026-10-06"
"DEP-002","Reconcile compatible dependency upgrade set","Public beta safety","Security","P0","Done","Codex","DEP-001","Compatible React, Nest, test, CI and Terraform upgrades pass all mandatory suites; incompatible ioredis 6 and Expo Router 58 upgrades remain explicitly constrained","WOW-MD PR 52","https://github.com/RohithTadiparti/world-of-weddingz-production/issues/82","https://github.com/RohithTadiparti/world-of-weddingz-production/pull/83","2026-10-06"
"DEP-003","Complete remaining dependency source mirrors","Public beta safety","Security","P0","Done","Codex","DEP-002","Production carries the reviewed glob lockfile, Node and nginx images, AWS modules and GitHub Actions versions from WOW-MD with production-only workflows upgraded consistently","WOW-MD PRs 18 20 21 22 27 53","https://github.com/RohithTadiparti/world-of-weddingz-production/issues/85","https://github.com/RohithTadiparti/world-of-weddingz-production/pull/84","2026-10-06"
"DEP-004","Restore Express runtime dependency","Public beta safety","Reliability","P0","Done","Codex","DEP-003","The final backend production image contains the explicit Express 4 compatibility package imported by dist/main.js and starts successfully","WOW-MD PRs 54 and 55","https://github.com/RohithTadiparti/world-of-weddingz-production/issues/87","https://github.com/RohithTadiparti/world-of-weddingz-production/pull/88","2026-10-06"
"SYNC-004","Mirror latest committed local functional fixes","Source intake","Change intake","P0","Done","Codex","SYNC-003","The production repository exactly mirrors the reviewed profile validation biodata progression and mock-storage proxy fixes without unrelated dirty files","WOW-MD PR 56","https://github.com/RohithTadiparti/world-of-weddingz-production/issues/90","https://github.com/RohithTadiparti/world-of-weddingz-production/pull/91","2026-10-06"
"OBS-004","Stabilize Vector disk buffer on Windows hosts","Observability","Reliability","P0","Done","Codex","OBS-003","Vector retains its delivery buffer across recreation without NTFS reader panics while operator-readable JSONL logs remain on the host","WOW-MD PR 57","https://github.com/RohithTadiparti/world-of-weddingz-production/issues/93","https://github.com/RohithTadiparti/world-of-weddingz-production/pull/94","2026-10-06"
"SYNC-005","Mirror reviewed biodata caste family and income changes","Source intake","Change intake","P0","Done","Codex","SYNC-004","Production exactly mirrors WOW-MD PR 58 with green protected checks and updated source baseline","WOW-MD PR 58","https://github.com/RohithTadiparti/world-of-weddingz-production/issues/96","https://github.com/RohithTadiparti/world-of-weddingz-production/pull/97","2026-10-07"
"SYNC-006","Mirror reviewed QA sheet fixes","Source intake","Change intake","P0","In Progress","Codex","SYNC-005","Production exactly mirrors WOW-MD PR 60 with green protected checks and updated source baseline","WOW-MD PR 60","https://github.com/RohithTadiparti/world-of-weddingz-production/issues/101","","2026-10-08"
