ID,Risk,Impact,Likelihood,Priority,Mitigation,Owner,Status,Evidence
RISK-001,Public beta exposes real PII before security blockers close,Critical,Possible,P0,Block domain launch on security release gates,Unassigned,Open,
RISK-002,Free or hard spending limit stops Railway workloads,High,Possible,P0,Use Hobby for public launch and alert before hard limit,Unassigned,Open,
RISK-003,Railway memory is insufficient for the backend,High,Possible,P0,Measure idle/load use and retain 30 percent headroom,Unassigned,Open,
RISK-004,Public or missing S3 objects expose or lose user media,Critical,Possible,P0,Private bucket least privilege reconciliation and restore test,Unassigned,Open,
RISK-005,Duplicate jobs send or release money twice,Critical,Possible,P0,Database claims locks and idempotency tests,Unassigned,Open,
RISK-006,Migration produces split-brain writes,Critical,Unlikely,P0,Read-only final sync and no rollback after AWS writes without reverse replication,Unassigned,Open,
RISK-007,DNS cutover fails after source is paused,High,Possible,P0,Preflight DNS access TTL and automatic restoration rehearsal,Unassigned,Open,
RISK-008,Source and production repositories drift silently,High,Likely,P1,Scheduled drift report and change-intake register,Unassigned,Open,
RISK-009,Mock integration appears to deliver real email/payment/identity outcome,High,Possible,P0,Explicit simulated state and production fail-closed validation,Unassigned,Open,
RISK-010,Historical secrets enter the private production history,Critical,Possible,P0,Clean snapshot history secret scanning and push protection,Codex,Mitigated,Initial scan found no tracked high-confidence signatures
RISK-011,Private repository cannot enforce native branch protection or secret scanning on the current GitHub plan,High,Certain,P0,Use PR discipline and CI Gitleaks as compensating controls; upgrade to GitHub Pro or an eligible organization before production,Product owner,Open,GitHub API returned HTTP 403 and 422 on 2026-10-04
